Blood Sugar Level,Diabetes
-0.41721135734772025,-0.8432740427115677
0.3121791275259167,1.0540925533894598
1.187447709374281,0.0
-0.8548456482719025,-0.8432740427115677
-0.2713332603729929,1.0540925533894598
0.7352256087526261,1.0540925533894598
-1.3070677488935574,-0.8432740427115677
-1.1320140325238846,-0.8432740427115677
0.020422933576461917,-0.8432740427115677
1.7271966681807724,1.0540925533894598
