col1,col2
-0.7071067811865475,2
0.7071067811865475,4
